timestamp,frame_id,track_id,class_id,x,y,z,detector_confidence,lidar_point_count,lidar_point_density,lidar_score,camera_available,camera_visible,camera_supported,camera_iou,camera_score,depth_available,depth_consistency,observation_state,observation_score,association_cost,matched,track_age_sec,miss_count,observation_analysis_ms,association_ms,tracker_update_ms,total_ms
1789609901.574002504,1,0,1,5.0,0.0,-0.30000001192092896,0.949999988079071,3369,52.73290403661794,1.0,0,0,0,0.0,0.0,0,,LIDAR_DOMINANT,1.0,0.800000011920929,1,0.10140252113342285,0,6.286087911576033,74.46202414575964,80.74811205733567,80.99611103534698
1789609901.672992229,2,0,1,5.0,0.0,-0.30000001192092896,0.949999988079071,3383,52.95203750545517,1.0,0,0,0,0.0,0.0,0,,LIDAR_DOMINANT,1.0,0.800000011920929,1,0.2003922462463379,0,1.263702055439353,71.57386094331741,72.83756299875677,73.06820503436029
1789609901.773410559,3,0,1,5.0,0.0,-0.30000001192092896,0.949999988079071,3383,52.95203750545517,1.0,0,0,0,0.0,0.0,0,,LIDAR_DOMINANT,1.0,0.800000011920929,1,0.3008105754852295,0,1.2674499303102493,64.01354016270489,65.28099009301513,65.33003703225404
1789609901.873390675,4,0,1,5.0,0.0,-0.30000001192092896,0.949999988079071,3388,53.03029945861133,1.0,0,0,0,0.0,0.0,0,,LIDAR_DOMINANT,1.0,0.800000011920929,1,0.4007906913757324,0,1.3084389502182603,64.26715909037739,65.57559804059565,65.64551906194538
1789609901.973579407,5,0,1,5.0,0.0,-0.30000001192092896,0.949999988079071,3390,53.061604239873795,1.0,0,0,0,0.0,0.0,0,,LIDAR_DOMINANT,1.0,0.800000011920929,1,0.5009794235229492,0,1.2852679938077927,64.25886298529804,65.54413097910583,65.61490800231695
1789609902.073779821,6,0,1,5.0,0.0,-0.30000001192092896,0.949999988079071,3382,52.93638511482394,1.0,0,0,0,0.0,0.0,0,,LIDAR_DOMINANT,1.0,0.800000011920929,1,0.601179838180542,0,1.211318071000278,64.26093401387334,65.47225208487362,65.5432470375672
1789609902.173977613,7,0,1,5.0,0.0,-0.30000001192092896,0.949999988079071,3384,52.967689896086405,1.0,0,0,0,0.0,0.0,0,,LIDAR_DOMINANT,1.0,0.800000011920929,1,0.7013776302337646,0,1.2539669405668974,64.26727410871536,65.52124104928225,65.63232303597033
1789609902.274245024,8,0,1,5.0,0.0,-0.30000001192092896,0.949999988079071,3389,53.04595184924256,1.0,0,0,0,0.0,0.0,0,,LIDAR_DOMINANT,1.0,0.800000011920929,1,0.801645040512085,0,1.2573968851938844,64.1860191244632,65.44341600965708,65.50962198525667
1789609902.374368191,9,0,1,5.0,0.0,-0.30000001192092896,0.949999988079071,3391,53.077256630505026,1.0,0,0,0,0.0,0.0,0,,LIDAR_DOMINANT,1.0,0.800000011920929,1,0.9017682075500488,0,1.6685520531609654,64.6209439728409,66.28949602600187,66.35945499874651
1789609902.474610806,10,0,1,5.0,0.0,-0.30000001192092896,0.949999988079071,3395,53.13986619302995,1.0,0,0,0,0.0,0.0,0,,LIDAR_DOMINANT,1.0,0.800000011920929,1,1.0020108222961426,0,1.1891910107806325,64.60708694066852,65.79627795144916,65.88907295372337
1789609902.574763536,11,0,1,5.0,0.0,-0.30000001192092896,0.949999988079071,3385,52.98334228671764,1.0,0,0,0,0.0,0.0,0,,LIDAR_DOMINANT,1.0,0.800000011920929,1,1.102163553237915,0,1.2371070915833116,63.77134588547051,65.00845297705382,65.08040090557188
1789609902.675028801,12,0,1,5.0,0.0,-0.30000001192092896,0.949999988079071,3388,53.03029945861133,1.0,0,0,0,0.0,0.0,0,,LIDAR_DOMINANT,1.0,0.800000011920929,1,1.2024288177490234,0,1.5324779087677598,63.67830210365355,65.21078001242131,65.2814800851047
1789609902.775151968,13,0,1,5.0,0.0,-0.30000001192092896,0.949999988079071,3387,53.0146470679801,1.0,0,0,0,0.0,0.0,0,,LIDAR_DOMINANT,1.0,0.800000011920929,1,1.3025519847869873,0,1.1657020077109337,63.78194899298251,64.94765100069344,65.01925794873387
1789609902.875344992,14,0,1,5.0,0.0,-0.30000001192092896,0.949999988079071,3388,53.03029945861133,1.0,0,0,0,0.0,0.0,0,,LIDAR_DOMINANT,1.0,0.800000011920929,1,1.402745008468628,0,1.268476014956832,63.78079589921981,65.04927191417664,65.11875800788403
1789609902.975553274,15,0,1,5.0,0.0,-0.30000001192092896,0.949999988079071,3388,53.03029945861133,1.0,0,0,0,0.0,0.0,0,,LIDAR_DOMINANT,1.0,0.800000011920929,1,1.502953290939331,0,1.3023240026086569,63.67517600301653,64.97750000562519,65.03376504406333
1789609903.075748205,16,0,1,5.0,0.0,-0.30000001192092896,0.949999988079071,3386,52.99899467734887,1.0,0,0,0,0.0,0.0,0,,LIDAR_DOMINANT,1.0,0.800000011920929,1,1.6031482219696045,0,1.2419539270922542,63.84986906778067,65.09182299487293,65.16218301840127
1789609903.175936699,17,0,1,5.0,0.0,-0.30000001192092896,0.949999988079071,3387,53.0146470679801,1.0,0,0,0,0.0,0.0,0,,LIDAR_DOMINANT,1.0,0.800000011920929,1,1.7033367156982422,0,1.180006074719131,63.81174793932587,64.991754014045,65.06441393867135
1789609903.276133537,18,0,1,5.0,0.0,-0.30000001192092896,0.949999988079071,3385,52.98334228671764,1.0,0,0,0,0.0,0.0,0,,LIDAR_DOMINANT,1.0,0.800000011920929,1,1.8035335540771484,0,1.3360839802771807,64.02716098818928,65.36324496846646,65.43927290476859
1789609903.379401207,19,0,1,5.0,0.0,-0.30000001192092896,0.949999988079071,3387,53.0146470679801,1.0,0,0,0,0.0,0.0,0,,LIDAR_DOMINANT,1.0,0.800000011920929,1,1.9068012237548828,0,1.1454159393906593,63.89914907049388,65.04456500988454,65.12919801753014
1789609903.476531267,20,0,1,5.0,0.0,-0.30000001192092896,0.949999988079071,3387,53.0146470679801,1.0,0,0,0,0.0,0.0,0,,LIDAR_DOMINANT,1.0,0.800000011920929,1,2.0039312839508057,0,1.1653290130198002,63.685567933134735,64.85089694615453,64.92372194770724
1789609903.576735020,21,0,1,5.0,0.0,-0.30000001192092896,0.949999988079071,3394,53.12421380239872,1.0,0,0,0,0.0,0.0,0,,LIDAR_DOMINANT,1.0,0.800000011920929,1,2.104135036468506,0,1.3430900871753693,63.62277292646468,64.96586301364005,65.03972294740379
1789609903.676920414,22,0,1,5.0,0.0,-0.30000001192092896,0.949999988079071,3394,53.12421380239872,1.0,0,0,0,0.0,0.0,0,,LIDAR_DOMINANT,1.0,0.800000011920929,1,2.2043204307556152,0,1.24168093316257,63.777151983231306,65.01883291639388,65.08940400090069
1789609903.777117252,23,0,1,5.0,0.0,-0.30000001192092896,0.949999988079071,3399,53.20247575555487,1.0,0,0,0,0.0,0.0,0,,LIDAR_DOMINANT,1.0,0.800000011920929,1,2.3045172691345215,0,1.2213889276608825,63.72947304043919,64.95086196810007,65.02046796958894
1789609903.877313614,24,0,1,5.0,0.0,-0.30000001192092896,0.949999988079071,3416,53.46856639628581,1.0,0,0,0,0.0,0.0,0,,LIDAR_DOMINANT,1.0,0.800000011920929,1,2.4047136306762695,0,1.2285170378163457,63.73757601249963,64.96609305031598,65.0370609946549
1789609903.977516174,25,0,1,5.0,0.0,-0.30000001192092896,0.949999988079071,3460,54.15727158405998,1.0,0,0,0,0.0,0.0,0,,LIDAR_DOMINANT,1.0,0.800000011920929,1,2.504916191101074,0,1.1416111374273896,63.659106846898794,64.80071798432618,64.87137405201793
1789609904.077706575,26,0,1,5.0,0.0,-0.30000001192092896,0.949999988079071,3515,55.01815306877769,1.0,0,0,0,0.0,0.0,0,,LIDAR_DOMINANT,1.0,0.800000011920929,1,2.6051065921783447,0,1.4166719047352672,63.95976908970624,65.37644099444151,65.4841479845345
1789609904.177940130,27,0,1,5.0,0.0,-0.30000001192092896,0.949999988079071,3583,56.08251563170142,1.0,0,0,0,0.0,0.0,0,,LIDAR_DOMINANT,1.0,0.800000011920929,1,2.7053401470184326,0,1.3198339147493243,64.46169200353324,65.78152591828257,65.88127394206822
1789609904.278105497,28,0,1,5.0,0.0,-0.30000001192092896,0.949999988079071,3681,57.61644991356208,1.0,0,0,0,0.0,0.0,0,,LIDAR_DOMINANT,1.0,0.800000011920929,1,2.8055055141448975,0,1.2536069843918085,63.723595114424825,64.97720209881663,65.05751609802246
1789609904.378293753,29,0,1,5.0,0.0,-0.30000001192092896,0.949999988079071,3826,59.8860465550906,1.0,0,0,0,0.0,0.0,0,,LIDAR_DOMINANT,1.0,0.800000011920929,1,2.905693769454956,0,1.3264439767226577,63.75086901243776,65.07731298916042,65.14738395344466
1789609904.478491306,30,0,1,5.0,0.0,-0.30000001192092896,0.949999988079071,3841,60.12083241455907,1.0,0,0,0,0.0,0.0,0,,LIDAR_DOMINANT,1.0,0.800000011920929,1,3.0058913230895996,0,1.2753769988194108,64.02231601532549,65.2976930141449,65.3724119765684
1789609904.578691721,31,0,1,5.0,0.0,-0.30000001192092896,0.949999988079071,3845,60.183441977083994,1.0,0,0,0,0.0,0.0,0,,LIDAR_DOMINANT,1.0,0.800000011920929,1,3.1060917377471924,0,1.1849510483443737,63.736907904967666,64.92185895331204,64.99489594716579
1789609904.678885221,32,0,1,5.0,0.0,-0.30000001192092896,0.949999988079071,3860,60.41822783655246,1.0,0,0,0,0.0,0.0,0,,LIDAR_DOMINANT,1.0,0.800000011920929,1,3.206285238265991,0,1.1573779629543424,63.822846044786274,64.98022400774062,65.05102897062898
1789609904.779081106,33,0,1,5.0,0.0,-0.30000001192092896,0.949999988079071,3883,60.77823282107078,1.0,0,0,0,0.0,0.0,0,,LIDAR_DOMINANT,1.0,0.800000011920929,1,3.306481122970581,0,1.1754388688132167,63.79851303063333,64.97395189944655,65.06619497667998
1789609904.879283190,34,0,1,5.0,0.0,-0.30000001192092896,0.949999988079071,3869,60.559099352233545,1.0,0,0,0,0.0,0.0,0,,LIDAR_DOMINANT,1.0,0.800000011920929,1,3.4066832065582275,0,1.2152050621807575,63.6962199350819,64.91142499726266,64.98314393684268
1789609904.979469776,35,0,1,5.0,0.0,-0.30000001192092896,0.949999988079071,3829,59.933003726984296,1.0,0,0,0,0.0,0.0,0,,LIDAR_DOMINANT,1.0,0.800000011920929,1,3.5068697929382324,0,5.653375992551446,68.23564204387367,73.88901803642511,73.95969599019736
1789609905.079682112,36,0,1,5.0,0.0,-0.30000001192092896,0.949999988079071,3833,59.99561328950922,1.0,0,0,0,0.0,0.0,0,,LIDAR_DOMINANT,1.0,0.800000011920929,1,3.6070821285247803,0,1.210337970405817,69.29714302532375,70.50748099572957,70.75881294440478
1789609905.179879904,37,0,1,5.0,0.0,-0.30000001192092896,0.949999988079071,3833,59.99561328950922,1.0,0,0,0,0.0,0.0,0,,LIDAR_DOMINANT,1.0,0.800000011920929,1,3.707279920578003,0,1.1981789721176028,63.739205012097955,64.93738398421556,64.98589599505067
1789609905.280069590,38,0,1,5.0,0.0,-0.30000001192092896,0.949999988079071,3826,59.8860465550906,1.0,0,0,0,0.0,0.0,0,,LIDAR_DOMINANT,1.0,0.800000011920929,1,3.807469606399536,0,1.2868900084868073,63.78315796609968,65.07004797458649,65.14369195792824
1789609905.380259275,39,0,1,5.0,0.0,-0.30000001192092896,0.949999988079071,3823,59.83908938319691,1.0,0,0,0,0.0,0.0,0,,LIDAR_DOMINANT,1.0,0.800000011920929,1,3.9076592922210693,0,1.9520679488778114,64.61472297087312,66.56679091975093,66.63876899983734
1789609905.480560064,40,0,1,5.0,0.0,-0.30000001192092896,0.949999988079071,3808,59.60430352372844,1.0,0,0,0,0.0,0.0,0,,LIDAR_DOMINANT,1.0,0.800000011920929,1,4.007960081100464,0,1.2380939442664385,63.79234709311277,65.0304410373792,65.10286801494658
1789609905.580829620,41,0,1,5.0,0.0,-0.30000001192092896,0.949999988079071,3834,60.01126568014045,1.0,0,0,0,0.0,0.0,0,,LIDAR_DOMINANT,1.0,0.800000011920929,1,4.108229637145996,0,1.3255630619823933,63.76851291861385,65.09407598059624,65.16482401639223
1789609905.680845022,42,0,1,5.0,0.0,-0.30000001192092896,0.949999988079071,3843,60.15213719582153,1.0,0,0,0,0.0,0.0,0,,LIDAR_DOMINANT,1.0,0.800000011920929,1,4.208245038986206,0,1.3340580044314265,63.784622005186975,65.1186800096184,65.19009498879313
1789609905.781059027,43,0,1,5.0,0.0,-0.30000001192092896,0.949999988079071,3839,60.089527633296605,1.0,0,0,0,0.0,0.0,0,,LIDAR_DOMINANT,1.0,0.800000011920929,1,4.308459043502808,0,1.4852950116619468,63.750636065378785,65.23593107704073,65.29873108956963
1789609905.881241083,44,0,1,5.0,0.0,-0.30000001192092896,0.949999988079071,3875,60.65301369602093,1.0,0,0,0,0.0,0.0,0,,LIDAR_DOMINANT,1.0,0.800000011920929,1,4.40864109992981,0,1.2074990663677454,63.885186915285885,65.09268598165363,65.16423099674284
1789609905.981438398,45,0,1,5.0,0.0,-0.30000001192092896,0.949999988079071,3862,60.449532617814924,1.0,0,0,0,0.0,0.0,0,,LIDAR_DOMINANT,1.0,0.800000011920929,1,4.508838415145874,0,1.1484320275485516,63.89864790253341,65.04707993008196,65.11806102935225
1789609906.081638575,46,0,1,5.0,0.0,-0.30000001192092896,0.949999988079071,3842,60.1364848051903,1.0,0,0,0,0.0,0.0,0,,LIDAR_DOMINANT,1.0,0.800000011920929,1,4.609038591384888,0,1.2319389497861266,63.761527999304235,64.99346694909036,65.0677609955892
1789609906.181862831,47,0,1,5.0,0.0,-0.30000001192092896,0.949999988079071,3824,59.85474177382814,1.0,0,0,0,0.0,0.0,0,,LIDAR_DOMINANT,1.0,0.800000011920929,1,4.709262847900391,0,1.2669690186157823,63.84065095335245,65.10761997196823,65.18041295930743
1789609906.282033205,48,0,1,5.0,0.0,-0.30000001192092896,0.949999988079071,3824,59.85474177382814,1.0,0,0,0,0.0,0.0,0,,LIDAR_DOMINANT,1.0,0.800000011920929,1,4.809433221817017,0,1.1794361053034663,63.77454090397805,64.95397700928152,65.01241703517735
1789609906.382755041,49,0,1,5.0,0.0,-0.30000001192092896,0.949999988079071,3763,58.89994594532303,1.0,0,0,0,0.0,0.0,0,,LIDAR_DOMINANT,1.0,0.800000011920929,1,4.9101550579071045,0,1.1494479840621352,63.76870209351182,64.91815007757396,64.98818506952375
1789609906.482423544,50,0,1,5.0,0.0,-0.30000001192092896,0.949999988079071,3741,58.555593351435945,1.0,0,0,0,0.0,0.0,0,,LIDAR_DOMINANT,1.0,0.800000011920929,1,5.009823560714722,0,1.2145439395681024,63.643251080065966,64.85779501963407,64.92683896794915
1789609906.582619190,51,0,1,5.0,0.0,-0.30000001192092896,0.949999988079071,3710,58.07036924186778,1.0,0,0,0,0.0,0.0,0,,LIDAR_DOMINANT,1.0,0.800000011920929,1,5.110019207000732,0,1.2368099996820092,63.68190504144877,64.91871504113078,65.02063607331365
1789609906.682811499,52,0,1,5.0,0.0,-0.30000001192092896,0.949999988079071,3649,57.115573413362675,1.0,0,0,0,0.0,0.0,0,,LIDAR_DOMINANT,1.0,0.800000011920929,1,5.210211515426636,0,1.3750119833275676,63.920806045643985,65.29581802897155,65.36794605199248
1789609906.783009768,53,0,1,5.0,0.0,-0.30000001192092896,0.949999988079071,3620,56.66165408505697,1.0,0,0,0,0.0,0.0,0,,LIDAR_DOMINANT,1.0,0.800000011920929,1,5.310409784317017,0,1.197138917632401,63.51652601733804,64.71366493497044,64.7755159297958
1789609906.883206844,54,0,1,5.0,0.0,-0.30000001192092896,0.949999988079071,3601,56.36425866306358,1.0,0,0,0,0.0,0.0,0,,LIDAR_DOMINANT,1.0,0.800000011920929,1,5.410606861114502,0,1.1922360863536596,63.62005590926856,64.81229199562222,64.88209590315819
1789609907.083603382,55,0,1,5.0,0.0,-0.30000001192092896,0.949999988079071,3583,56.08251563170142,1.0,0,0,0,0.0,0.0,0,,LIDAR_DOMINANT,1.0,0.800000011920929,1,5.611003398895264,0,2.5714440271258354,64.94508089963347,67.5165249267593,67.5927969859913
1789609907.183789730,56,0,1,5.0,0.0,-0.30000001192092896,0.949999988079071,3570,55.87903455349541,1.0,0,0,0,0.0,0.0,0,,LIDAR_DOMINANT,1.0,0.800000011920929,1,5.7111897468566895,0,1.1986499885097146,64.43081691395491,65.62946690246463,65.71815093047917
1789609907.283988953,57,0,1,5.0,0.0,-0.30000001192092896,0.949999988079071,3562,55.75381542844556,1.0,0,0,0,0.0,0.0,0,,LIDAR_DOMINANT,1.0,0.800000011920929,1,5.811388969421387,0,1.2154090218245983,63.74990497715771,64.96531399898231,65.03521092236042
1789609907.384224415,58,0,1,5.0,0.0,-0.30000001192092896,0.949999988079071,3575,55.957296506651566,1.0,0,0,0,0.0,0.0,0,,LIDAR_DOMINANT,1.0,0.800000011920929,1,5.911624431610107,0,1.175425946712494,63.83278907742351,65.008215024136,65.07851206697524
1789609907.484861851,59,0,1,5.0,0.0,-0.30000001192092896,0.949999988079071,3584,56.09816802233265,1.0,0,0,0,0.0,0.0,0,,LIDAR_DOMINANT,1.0,0.800000011920929,1,6.012261867523193,0,1.2471169466152787,63.74519213568419,64.99230908229947,65.06223301403224
1789609907.584573984,60,0,1,5.0,0.0,-0.30000001192092896,0.949999988079071,3595,56.27034431927619,1.0,0,0,0,0.0,0.0,0,,LIDAR_DOMINANT,1.0,0.800000011920929,1,6.111974000930786,0,1.2269611470401287,63.993560848757625,65.22052199579775,65.3042319463566
1789609907.685503960,61,0,1,5.0,0.0,-0.30000001192092896,0.949999988079071,3616,56.59904452253205,1.0,0,0,0,0.0,0.0,0,,LIDAR_DOMINANT,1.0,0.800000011920929,1,6.21290397644043,0,1.2471008813008666,63.74624720774591,64.99334808904678,65.06295409053564
1789609907.784970045,62,0,1,5.0,0.0,-0.30000001192092896,0.949999988079071,3643,57.02165906957529,1.0,0,0,0,0.0,0.0,0,,LIDAR_DOMINANT,1.0,0.800000011920929,1,6.31237006187439,0,1.2308979639783502,63.71621310245246,64.94711106643081,65.01809402834624
1789609907.886291981,63,0,1,5.0,0.0,-0.30000001192092896,0.949999988079071,3663,57.33470688219991,1.0,0,0,0,0.0,0.0,0,,LIDAR_DOMINANT,1.0,0.800000011920929,1,6.413691997528076,0,1.2043709866702557,63.8584450352937,65.06281602196395,65.13351004105061
1789609907.985393524,64,0,1,5.0,0.0,-0.30000001192092896,0.949999988079071,3696,57.851235773030545,1.0,0,0,0,0.0,0.0,0,,LIDAR_DOMINANT,1.0,0.800000011920929,1,6.51279354095459,0,3.3452610950917006,66.18829083163291,69.53355192672461,69.60613501723856
1789609908.185758352,65,0,1,5.0,0.0,-0.30000001192092896,0.949999988079071,3729,58.36776466386117,1.0,0,0,0,0.0,0.0,0,,LIDAR_DOMINANT,1.0,0.800000011920929,1,6.713158369064331,0,1.2212760047987103,63.70864994823933,64.92992595303804,64.99991693999618
1789609908.286016464,66,0,1,5.0,0.0,-0.30000001192092896,0.949999988079071,3690,57.757321429243156,1.0,0,0,0,0.0,0.0,0,,LIDAR_DOMINANT,1.0,0.800000011920929,1,6.813416481018066,0,1.2026418698951602,63.883785041980445,65.0864269118756,65.15978300012648
1789609908.386174917,67,0,1,5.0,0.0,-0.30000001192092896,0.949999988079071,3664,57.35035927283114,1.0,0,0,0,0.0,0.0,0,,LIDAR_DOMINANT,1.0,0.800000011920929,1,6.913574934005737,0,1.196515979245305,63.67744307499379,64.8739590542391,64.94089297484607
1789609908.488112450,68,0,1,5.0,0.0,-0.30000001192092896,0.949999988079071,3648,57.09992102273144,1.0,0,0,0,0.0,0.0,0,,LIDAR_DOMINANT,1.0,0.800000011920929,1,7.015512466430664,0,1.2389000039547682,63.68725700303912,64.92615700699389,65.02593599725515
1789609908.586732864,69,0,1,5.0,0.0,-0.30000001192092896,0.949999988079071,3610,56.50513017874466,1.0,0,0,0,0.0,0.0,0,,LIDAR_DOMINANT,1.0,0.800000011920929,1,7.114132881164551,0,1.3956669718027115,64.00879507418722,65.40446204598993,65.47462998423725
1789609908.686739206,70,0,1,5.0,0.0,-0.30000001192092896,0.949999988079071,3543,55.45642000645217,1.0,0,0,0,0.0,0.0,0,,LIDAR_DOMINANT,1.0,0.800000011920929,1,7.214139223098755,0,1.1691810796037316,63.80859296768904,64.97777404729277,65.04835397936404
1789609908.789400339,71,0,1,5.0,0.0,-0.30000001192092896,0.949999988079071,3451,54.0164000683789,1.0,0,0,0,0.0,0.0,0,,LIDAR_DOMINANT,1.0,0.800000011920929,1,7.316800355911255,0,1.225873944349587,63.88957507442683,65.11544901877642,65.1870749425143
1789609908.887135029,72,0,1,5.0,0.0,-0.30000001192092896,0.949999988079071,3374,52.811165989774096,1.0,0,0,0,0.0,0.0,0,,LIDAR_DOMINANT,1.0,0.800000011920929,1,7.414535045623779,0,1.2664779787883162,63.74378700274974,65.01026498153806,65.08385797496885
1789609908.987330198,73,0,1,5.0,0.0,-0.30000001192092896,0.949999988079071,3402,53.24943292744857,1.0,0,0,0,0.0,0.0,0,,LIDAR_DOMINANT,1.0,0.800000011920929,1,7.514730215072632,0,1.181615050882101,63.87934589292854,65.06096094381064,65.1324080536142
1789609909.087528706,74,0,1,5.0,0.0,-0.30000001192092896,0.949999988079071,3389,53.04595184924256,1.0,0,0,0,0.0,0.0,0,,LIDAR_DOMINANT,1.0,0.800000011920929,1,7.614928722381592,0,1.238507917150855,63.81211511325091,65.05062303040177,65.1218700222671
1789609909.187718153,75,0,1,5.0,0.0,-0.30000001192092896,0.949999988079071,3384,52.967689896086405,1.0,0,0,0,0.0,0.0,0,,LIDAR_DOMINANT,1.0,0.800000011920929,1,7.715118169784546,0,1.1580450227484107,63.8282640138641,64.98630903661251,65.05714904051274
1789609909.287955284,76,0,1,5.0,0.0,-0.30000001192092896,0.949999988079071,3398,53.18682336492364,1.0,0,0,0,0.0,0.0,0,,LIDAR_DOMINANT,1.0,0.800000011920929,1,7.81535530090332,0,1.149395015090704,63.740350073203444,64.88974508829415,64.95923304464668
1789609909.388109207,77,0,1,5.0,0.0,-0.30000001192092896,0.949999988079071,3401,53.233780536817335,1.0,0,0,0,0.0,0.0,0,,LIDAR_DOMINANT,1.0,0.800000011920929,1,7.915509223937988,0,1.1643619509413838,63.98742913734168,65.15179108828306,65.22156100254506
1789609909.488309622,78,0,1,5.0,0.0,-0.30000001192092896,0.949999988079071,3404,53.28073770871103,1.0,0,0,0,0.0,0.0,0,,LIDAR_DOMINANT,1.0,0.800000011920929,1,8.015709638595581,0,1.1897439835593104,63.688986003398895,64.8787299869582,64.9484699824825
1789609909.588504553,79,0,1,5.0,0.0,-0.30000001192092896,0.949999988079071,3411,53.39030444312965,1.0,0,0,0,0.0,0.0,0,,LIDAR_DOMINANT,1.0,0.800000011920929,1,8.115904569625854,0,1.1901381658390164,63.65555082447827,64.84568899031729,64.91827394347638
1789609909.688730478,80,0,1,5.0,0.0,-0.30000001192092896,0.949999988079071,3409,53.35899966186719,1.0,0,0,0,0.0,0.0,0,,LIDAR_DOMINANT,1.0,0.800000011920929,1,8.216130495071411,0,1.2099029263481498,63.71519609820098,64.92509902454913,64.99427498783916
1789609909.788892746,81,0,1,5.0,0.0,-0.30000001192092896,0.949999988079071,3413,53.421609224392114,1.0,0,0,0,0.0,0.0,0,,LIDAR_DOMINANT,1.0,0.800000011920929,1,8.316292762756348,0,1.1901500402018428,64.01081196963787,65.20096200983971,65.29678904917091
1789609909.889170647,82,0,1,5.0,0.0,-0.30000001192092896,0.949999988079071,3406,53.31204248997349,1.0,0,0,0,0.0,0.0,0,,LIDAR_DOMINANT,1.0,0.800000011920929,1,8.416570663452148,0,1.4034588821232319,64.06936014536768,65.47281902749091,65.56222902145237
1789609909.989292145,83,0,1,5.0,0.0,-0.30000001192092896,0.949999988079071,3397,53.171170974292416,1.0,0,0,0,0.0,0.0,0,,LIDAR_DOMINANT,1.0,0.800000011920929,1,8.516692161560059,0,1.3249519979581237,64.34624502435327,65.67119702231139,65.76160702388734
1789609910.089975119,84,0,1,5.0,0.0,-0.30000001192092896,0.949999988079071,3400,53.2181281461861,1.0,0,0,0,0.0,0.0,0,,LIDAR_DOMINANT,1.0,0.800000011920929,1,8.617375135421753,0,1.2275481130927801,63.62110993359238,64.84865804668516,64.92386397439986
1789609910.189686060,85,0,1,5.0,0.0,-0.30000001192092896,0.949999988079071,3405,53.29639009934226,1.0,0,0,0,0.0,0.0,0,,LIDAR_DOMINANT,1.0,0.800000011920929,1,8.71708607673645,0,1.446972950361669,64.10913297440857,65.55610592477024,65.65679993946105
1789609910.289909601,86,0,1,5.0,0.0,-0.30000001192092896,0.949999988079071,3385,52.98334228671764,1.0,0,0,0,0.0,0.0,0,,LIDAR_DOMINANT,1.0,0.800000011920929,1,8.817309617996216,0,1.188557012937963,64.17866598349065,65.36722299642861,65.444550011307
1789609910.391123295,87,0,1,5.0,0.0,-0.30000001192092896,0.949999988079071,3383,52.95203750545517,1.0,0,0,0,0.0,0.0,0,,LIDAR_DOMINANT,1.0,0.800000011920929,1,8.91852331161499,0,1.149832969531417,63.80641704890877,64.95625001844019,65.02732099033892
1789609910.490346909,88,0,1,5.0,0.0,-0.30000001192092896,0.949999988079071,3384,52.967689896086405,1.0,0,0,0,0.0,0.0,0,,LIDAR_DOMINANT,1.0,0.800000011920929,1,9.017746925354004,0,1.2167220702394843,63.761306926608086,64.97802899684757,65.04837598185986
1789609910.590462446,89,0,1,5.0,0.0,-0.30000001192092896,0.949999988079071,3379,52.88942794293025,1.0,0,0,0,0.0,0.0,0,,LIDAR_DOMINANT,1.0,0.800000011920929,1,9.117862462997437,0,1.2086230562999845,63.78542596939951,64.9940490256995,65.06475899368525
1789609910.690695286,90,0,1,5.0,0.0,-0.30000001192092896,0.949999988079071,3385,52.98334228671764,1.0,0,0,0,0.0,0.0,0,,LIDAR_DOMINANT,1.0,0.800000011920929,1,9.218095302581787,0,1.2001179857179523,63.741954043507576,64.94207202922553,65.01705304253846
1789609910.790867567,91,0,1,5.0,0.0,-0.30000001192092896,0.949999988079071,3386,52.99899467734887,1.0,0,0,0,0.0,0.0,0,,LIDAR_DOMINANT,1.0,0.800000011920929,1,9.318267583847046,0,1.188737922348082,63.79227712750435,64.98101504985243,65.05086307879537
1789609910.891057491,92,0,1,5.0,0.0,-0.30000001192092896,0.949999988079071,3386,52.99899467734887,1.0,0,0,0,0.0,0.0,0,,LIDAR_DOMINANT,1.0,0.800000011920929,1,9.418457508087158,0,1.1873270850628614,63.846036908216774,65.03336399327964,65.10879599954933
1789609910.991276741,93,0,1,5.0,0.0,-0.30000001192092896,0.949999988079071,3362,52.62333730219932,1.0,0,0,0,0.0,0.0,0,,LIDAR_DOMINANT,1.0,0.800000011920929,1,9.5186767578125,0,1.1949290055781603,63.799913972616196,64.99484297819436,65.06654794793576
1789609911.091443539,94,0,1,5.0,0.0,-0.30000001192092896,0.949999988079071,3358,52.5607277396744,1.0,0,0,0,0.0,0.0,0,,LIDAR_DOMINANT,1.0,0.800000011920929,1,9.61884355545044,0,1.1603778693825006,63.779937103390694,64.9403149727732,65.0248060701415
1789609911.193410635,95,0,1,5.0,0.0,-0.30000001192092896,0.949999988079071,3340,52.27898470831224,1.0,0,0,0,0.0,0.0,0,,LIDAR_DOMINANT,1.0,0.800000011920929,1,9.720810651779175,0,1.411740086041391,69.91048785857856,71.32222794461995,71.39314501546323
1789609911.291843891,96,0,1,5.0,0.0,-0.30000001192092896,0.949999988079071,3334,52.18507036452485,1.0,0,0,0,0.0,0.0,0,,LIDAR_DOMINANT,1.0,0.800000011920929,1,9.819243907928467,0,1.1724609648808837,63.865271979011595,65.03773294389248,65.11334795504808
1789609911.392061234,97,0,1,5.0,0.0,-0.30000001192092896,0.949999988079071,3316,51.903327333162686,1.0,0,0,0,0.0,0.0,0,,LIDAR_DOMINANT,1.0,0.800000011920929,1,9.919461250305176,0,1.1842809617519379,63.8874510768801,65.07173203863204,65.14252698980272
1789609911.492226839,98,0,1,5.0,0.0,-0.30000001192092896,0.949999988079071,3296,51.59027952053806,1.0,0,0,0,0.0,0.0,0,,LIDAR_DOMINANT,1.0,0.800000011920929,1,10.01962685585022,0,1.1850370792672038,63.95259685814381,65.13763393741101,65.24103891570121
1789609911.592423916,99,0,1,5.0,0.0,-0.30000001192092896,0.949999988079071,3282,51.371146051700826,1.0,0,0,0,0.0,0.0,0,,LIDAR_DOMINANT,1.0,0.800000011920929,1,10.119823932647705,0,1.2333670165389776,63.91063693445176,65.14400395099074,65.21464802790433
1789609911.692686081,100,0,1,5.0,0.0,-0.30000001192092896,0.949999988079071,3260,51.02679345781374,1.0,0,0,0,0.0,0.0,0,,LIDAR_DOMINANT,1.0,0.800000011920929,1,10.220086097717285,0,1.31669407710433,63.83043993264437,65.1471340097487,65.22401899565011
1789609911.792815208,101,0,1,5.0,0.0,-0.30000001192092896,0.949999988079071,3259,51.01114106718251,1.0,0,0,0,0.0,0.0,0,,LIDAR_DOMINANT,1.0,0.800000011920929,1,10.320215225219727,0,1.3129471335560083,63.69606393855065,65.00901107210666,65.07740099914372
1789609911.893012762,102,0,1,5.0,0.0,-0.30000001192092896,0.949999988079071,3274,51.245926926650974,1.0,0,0,0,0.0,0.0,0,,LIDAR_DOMINANT,1.0,0.800000011920929,1,10.42041277885437,0,1.1920509859919548,63.827672973275185,65.01972395926714,65.08955697063357
1789609911.993211508,103,0,1,5.0,0.0,-0.30000001192092896,0.949999988079071,3292,51.527669958013135,1.0,0,0,0,0.0,0.0,0,,LIDAR_DOMINANT,1.0,0.800000011920929,1,10.52061152458191,0,1.2229169951751828,63.76270193140954,64.98561892658472,65.05670596379787
1789609912.093485832,104,0,1,5.0,0.0,-0.30000001192092896,0.949999988079071,3323,52.0128940675813,1.0,0,0,0,0.0,0.0,0,,LIDAR_DOMINANT,1.0,0.800000011920929,1,10.620885848999023,0,1.2286690762266517,63.671747921034694,64.90041699726135,64.97046095319092
1789609912.193600655,105,0,1,5.0,0.0,-0.30000001192092896,0.949999988079071,3318,51.93463211442515,1.0,0,0,0,0.0,0.0,0,,LIDAR_DOMINANT,1.0,0.800000011920929,1,10.721000671386719,0,1.243186998181045,63.8769039651379,65.12009096331894,65.19170303363353
1789609912.293801785,106,0,1,5.0,0.0,-0.30000001192092896,0.949999988079071,3334,52.18507036452485,1.0,0,0,0,0.0,0.0,0,,LIDAR_DOMINANT,1.0,0.800000011920929,1,10.821201801300049,0,1.1686439393088222,63.87557904236019,65.04422298166901,65.11539802886546
1789609912.394033432,107,0,1,5.0,0.0,-0.30000001192092896,0.949999988079071,3387,53.0146470679801,1.0,0,0,0,0.0,0.0,0,,LIDAR_DOMINANT,1.0,0.800000011920929,1,10.921433448791504,0,1.1775731109082699,63.79299086984247,64.97056398075074,65.03662304021418
1789609912.494192839,108,0,1,5.0,0.0,-0.30000001192092896,0.949999988079071,3416,53.46856639628581,1.0,0,0,0,0.0,0.0,0,,LIDAR_DOMINANT,1.0,0.800000011920929,1,11.021592855453491,0,1.230439986102283,63.82074602879584,65.05118601489812,65.13950903899968
1789609912.594400883,109,0,1,5.0,0.0,-0.30000001192092896,0.949999988079071,3455,54.07900963090382,1.0,0,0,0,0.0,0.0,0,,LIDAR_DOMINANT,1.0,0.800000011920929,1,11.121800899505615,0,1.1953988578170538,63.85337910614908,65.04877796396613,65.11874299030751
1789609912.694587946,110,0,1,5.0,0.0,-0.30000001192092896,0.949999988079071,3506,54.877281553096616,1.0,0,0,0,0.0,0.0,0,,LIDAR_DOMINANT,1.0,0.800000011920929,1,11.221987962722778,0,1.2411209754645824,63.73227806761861,64.97339904308319,65.04411902278662
1789609912.794783831,111,0,1,5.0,0.0,-0.30000001192092896,0.949999988079071,3499,54.767714818677995,1.0,0,0,0,0.0,0.0,0,,LIDAR_DOMINANT,1.0,0.800000011920929,1,11.322183847427368,0,1.2445669854059815,63.928110990673304,65.17267797607929,65.24391402490437
1789609912.894974232,112,0,1,5.0,0.0,-0.30000001192092896,0.949999988079071,3481,54.48597178731583,1.0,0,0,0,0.0,0.0,0,,LIDAR_DOMINANT,1.0,0.800000011920929,1,11.422374248504639,0,1.2764011044055223,63.710433896631,64.98683500103652,65.05788303911686
